,DOY,Hour,Incoming_PAR_Wm2,temperature,VPD,wind_speed,precipitation,time
0,122,17,82.66742647,19.15,1.255457138,0.85,5,122.7083333
1,122,18,45.19025,19.32,1.123663837,0.85,0,122.75
2,122,19,28.15894118,19.845,1.24647746,0.85,0,122.7916667
3,122,20,16.20000735,19.915,1.214683013,0.85,0,122.8333333
4,122,21,6.852891912,19.87,1.230669334,0.85,0,122.875
5,122,22,6.297308088,20.215,1.267341355,0.85,0,122.9166667
6,122,23,6.080786765,20.63,1.326555659,0.85,0,122.9583333
7,123,0,7.250672059,20.815,1.35610871,0.85,0,123
8,123,1,5.337402206,20.95,1.359140767,0.85,0,123.0416667
9,123,2,2.331952206,21.02,1.367095345,0.85,0,123.0833333
10,123,3,1.522829412,21.07,1.350426451,0.85,0,123.125
11,123,4,1.204669118,21.05,1.361275327,0.85,0,123.1666667
12,123,5,0.950332353,21.135,1.372599083,0.85,0,123.2083333
13,123,6,12.06743382,21.225,1.386540781,0.85,0,123.25
14,123,7,25.54217647,21.3,1.147089368,0.85,0,123.2916667
15,123,8,55.79931618,21.37,1.133127907,0.85,0,123.3333333
16,123,9,90.58154412,21.28,1.597978142,0.85,0,123.375
17,123,10,139.6777941,21.38,1.931868604,0.85,0,123.4166667
18,123,11,153.3838971,20.89,1.965451557,0.85,0,123.4583333
19,123,12,191.4705882,20.59,1.770141087,0.85,0,123.5
20,123,13,191.4705882,19.49,1.529558212,0.85,0,123.5416667
21,123,14,188.3911029,18.92,1.468498792,0.85,0,123.5833333
22,123,15,120.2435294,18.265,1.500720787,0.85,0,123.625
23,123,16,66.53602941,18.88,1.300399753,0.85,0,123.6666667
24,123,17,59.56330882,19.805,1.367258414,0.85,5,123.7083333
25,123,18,49.56535294,19.065,1.139708594,0.85,0,123.75
26,123,19,20.01984559,19.79,0.528144956,0.85,0,123.7916667
27,123,20,9.934132353,19.73,0.760318542,0.85,0,123.8333333
28,123,21,0.016275,19.83,1.081016904,0.85,0,123.875
29,123,22,0.016275,20.35,1.24791083,0.85,0,123.9166667
30,123,23,0.018030147,20.66,1.255731489,0.85,0,123.9583333
31,124,0,0.0244125,20.8,1.291221712,0.85,0,124
32,124,1,0.029358824,20.815,1.308849669,0.85,0,124.0416667
33,124,2,0.026805882,20.88,1.342981972,0.85,0,124.0833333
34,124,3,0.036060294,20.925,1.350846344,0.85,0,124.125
35,124,4,0.03255,20.995,1.358756008,0.85,0,124.1666667
36,124,5,0.061749265,21.08,1.393026398,0.85,0,124.2083333
37,124,6,12.12168382,21.12,1.417394733,0.85,0,124.25
38,124,7,29.94759559,21.125,1.315269801,0.85,0,124.2916667
39,124,8,53.74419853,21.2,1.283472825,0.85,0,124.3333333
40,124,9,74.82351471,21.125,1.64824621,0.85,0,124.375
41,124,10,133.9336765,21.175,1.928634511,0.85,0,124.4166667
42,124,11,191.4705882,20.83,1.873852935,0.85,0,124.4583333
43,124,12,191.4705882,21.03,1.894520464,0.85,0,124.5
44,124,13,191.4705882,20.445,1.742641669,0.85,0,124.5416667
45,124,14,169.3238235,19.93,1.563949034,0.85,0,124.5833333
46,124,15,142.2307353,19.795,1.697023732,0.85,0,124.625
47,124,16,89.01786765,19.345,1.376725144,0.85,0,124.6666667
48,124,17,68.49860294,19.23,1.488938714,0.85,5,124.7083333
49,124,18,59.55692647,18.92,1.018898269,0.85,0,124.75
50,124,19,28.76207353,19.9,0.884868423,0.85,0,124.7916667
51,124,20,10.76543382,19.54,1.021222357,0.85,0,124.8333333
52,124,21,0.021859559,19.66,1.155715042,0.85,0,124.875
53,124,22,0.023455147,20.14,1.403689528,0.85,0,124.9166667
54,124,23,0.022338235,20.655,1.491281429,0.85,0,124.9583333
55,125,0,0.019147059,20.99,1.522455089,0.85,0,125
56,125,1,0.024891176,21.195,1.56276018,0.85,0,125.0416667
57,125,2,0.027763235,21.345,1.545355842,0.85,0,125.0833333
58,125,3,0.032869118,21.405,1.531905969,0.85,0,125.125
59,125,4,0.033826471,21.605,1.509815966,0.85,0,125.1666667
60,125,5,0.172642647,21.655,1.553391077,0.85,0,125.2083333
61,125,6,11.69566176,21.695,1.548521259,0.85,0,125.25
62,125,7,19.00505147,21.675,1.475135407,0.85,0,125.2916667
63,125,8,35.80340441,21.76,1.389209872,0.85,0,125.3333333
64,125,9,70.20907353,21.85,1.708197484,0.85,0,125.375
65,125,10,125.0941176,21.9,2.165343515,0.85,0,125.4166667
66,125,11,191.4705882,21.535,1.91839046,0.85,0,125.4583333
67,125,12,191.4705882,21.8,1.889221213,0.85,0,125.5
68,125,13,191.4705882,20.785,1.659492995,0.85,0,125.5416667
69,125,14,188.3272794,20.26,1.653980529,0.85,0,125.5833333
70,125,15,191.4705882,19.855,1.609023207,0.85,0,125.625
71,125,16,130.6148529,19.695,1.58160165,0.85,0,125.6666667
72,125,17,111.3401471,19.33,1.592862757,0.85,5,125.7083333
73,125,18,60.97540441,19.71,1.376334682,0.85,0,125.75
74,125,19,26.48357353,20.375,1.173714168,0.85,0,125.7916667
75,125,20,10.21176471,20.04,1.186851539,0.85,0,125.8333333
76,125,21,0.030316176,19.86,1.332480682,0.85,0,125.875
77,125,22,0.027284559,19.65,1.305755995,0.85,0,125.9166667
78,125,23,0.038613235,20.185,1.389439502,0.85,0,125.9583333
79,126,0,0.038134559,20.66,1.440914981,0.85,0,126
80,126,1,0.034464706,20.995,1.464697478,0.85,0,126.0416667
81,126,2,0.026965441,21.295,1.483516161,0.85,0,126.0833333
82,126,3,0.030316176,21.46,1.517845656,0.85,0,126.125
83,126,4,0.038294118,21.5,1.508748058,0.85,0,126.1666667
84,126,5,0.193544853,21.62,1.53495197,0.85,0,126.2083333
85,126,6,12.08338971,21.655,1.15531491,0.85,0,126.25
86,126,7,19.20130882,21.62,1.224032634,0.85,0,126.2916667
87,126,8,35.95019853,21.26,1.539330516,0.85,0,126.3333333
88,126,9,97.42661765,21.155,1.653427379,0.85,0,126.375
89,126,10,139.2629412,21.47,2.071161146,0.85,0,126.4166667
90,126,11,191.4705882,22.085,2.194996655,0.85,0,126.4583333
91,126,12,191.4705882,22.565,2.072000683,0.85,0,126.5
92,126,13,191.4705882,21.2,1.728151525,0.85,0,126.5416667
93,126,14,190.9440441,20.43,1.573337985,0.85,0,126.5833333
94,126,15,122.8842279,21.025,1.640261844,0.85,0,126.625
95,126,16,147.6078676,20.785,1.599708661,0.85,0,126.6666667
96,126,17,82.66742647,19.15,1.255457138,0.85,5,126.7083333
97,126,18,45.19025,19.32,1.123663837,0.85,0,126.75
98,126,19,28.15894118,19.845,1.24647746,0.85,0,126.7916667
99,126,20,16.20000735,19.915,1.214683013,0.85,0,126.8333333
100,126,21,6.852891912,19.87,1.230669334,0.85,0,126.875
101,126,22,6.297308088,20.215,1.267341355,0.85,0,126.9166667
102,126,23,6.080786765,20.63,1.326555659,0.85,0,126.9583333
103,127,0,7.250672059,20.815,1.35610871,0.85,0,127
104,127,1,5.337402206,20.95,1.359140767,0.85,0,127.0416667
105,127,2,2.331952206,21.02,1.367095345,0.85,0,127.0833333
106,127,3,1.522829412,21.07,1.350426451,0.85,0,127.125
107,127,4,1.204669118,21.05,1.361275327,0.85,0,127.1666667
108,127,5,0.950332353,21.135,1.372599083,0.85,0,127.2083333
109,127,6,12.06743382,21.225,1.386540781,0.85,0,127.25
110,127,7,25.54217647,21.3,1.147089368,0.85,0,127.2916667
111,127,8,55.79931618,21.37,1.133127907,0.85,0,127.3333333
112,127,9,90.58154412,21.28,1.597978142,0.85,0,127.375
113,127,10,139.6777941,21.38,1.931868604,0.85,0,127.4166667
114,127,11,153.3838971,20.89,1.965451557,0.85,0,127.4583333
115,127,12,191.4705882,20.59,1.770141087,0.85,0,127.5
116,127,13,191.4705882,19.49,1.529558212,0.85,0,127.5416667
117,127,14,188.3911029,18.92,1.468498792,0.85,0,127.5833333
118,127,15,120.2435294,18.265,1.500720787,0.85,0,127.625
119,127,16,66.53602941,18.88,1.300399753,0.85,0,127.6666667
120,127,17,59.56330882,19.805,1.367258414,0.85,5,127.7083333
121,127,18,49.56535294,19.065,1.139708594,0.85,0,127.75
122,127,19,20.01984559,19.79,0.528144956,0.85,0,127.7916667
123,127,20,9.934132353,19.73,0.760318542,0.85,0,127.8333333
124,127,21,0.016275,19.83,1.081016904,0.85,0,127.875
125,127,22,0.016275,20.35,1.24791083,0.85,0,127.9166667
126,127,23,0.018030147,20.66,1.255731489,0.85,0,127.9583333
127,128,0,0.0244125,20.8,1.291221712,0.85,0,128
128,128,1,0.029358824,20.815,1.308849669,0.85,0,128.0416667
129,128,2,0.026805882,20.88,1.342981972,0.85,0,128.0833333
130,128,3,0.036060294,20.925,1.350846344,0.85,0,128.125
131,128,4,0.03255,20.995,1.358756008,0.85,0,128.1666667
132,128,5,0.061749265,21.08,1.393026398,0.85,0,128.2083333
133,128,6,12.12168382,21.12,1.417394733,0.85,0,128.25
134,128,7,29.94759559,21.125,1.315269801,0.85,0,128.2916667
135,128,8,53.74419853,21.2,1.283472825,0.85,0,128.3333333
136,128,9,74.82351471,21.125,1.64824621,0.85,0,128.375
137,128,10,133.9336765,21.175,1.928634511,0.85,0,128.4166667
138,128,11,191.4705882,20.83,1.873852935,0.85,0,128.4583333
139,128,12,191.4705882,21.03,1.894520464,0.85,0,128.5
140,128,13,191.4705882,20.445,1.742641669,0.85,0,128.5416667
141,128,14,169.3238235,19.93,1.563949034,0.85,0,128.5833333
142,128,15,142.2307353,19.795,1.697023732,0.85,0,128.625
143,128,16,89.01786765,19.345,1.376725144,0.85,0,128.6666667
144,128,17,68.49860294,19.23,1.488938714,0.85,5,128.7083333
145,128,18,59.55692647,18.92,1.018898269,0.85,0,128.75
146,128,19,28.76207353,19.9,0.884868423,0.85,0,128.7916667
147,128,20,10.76543382,19.54,1.021222357,0.85,0,128.8333333
148,128,21,0.021859559,19.66,1.155715042,0.85,0,128.875
149,128,22,0.023455147,20.14,1.403689528,0.85,0,128.9166667
150,128,23,0.022338235,20.655,1.491281429,0.85,0,128.9583333
151,129,0,0.019147059,20.99,1.522455089,0.85,0,129
152,129,1,0.024891176,21.195,1.56276018,0.85,0,129.0416667
153,129,2,0.027763235,21.345,1.545355842,0.85,0,129.0833333
154,129,3,0.032869118,21.405,1.531905969,0.85,0,129.125
155,129,4,0.033826471,21.605,1.509815966,0.85,0,129.1666667
156,129,5,0.172642647,21.655,1.553391077,0.85,0,129.2083333
157,129,6,11.69566176,21.695,1.548521259,0.85,0,129.25
158,129,7,19.00505147,21.675,1.475135407,0.85,0,129.2916667
159,129,8,35.80340441,21.76,1.389209872,0.85,0,129.3333333
160,129,9,70.20907353,21.85,1.708197484,0.85,0,129.375
161,129,10,125.0941176,21.9,2.165343515,0.85,0,129.4166667
162,129,11,191.4705882,21.535,1.91839046,0.85,0,129.4583333
163,129,12,191.4705882,21.8,1.889221213,0.85,0,129.5
164,129,13,191.4705882,20.785,1.659492995,0.85,0,129.5416667
165,129,14,188.3272794,20.26,1.653980529,0.85,0,129.5833333
166,129,15,191.4705882,19.855,1.609023207,0.85,0,129.625
167,129,16,130.6148529,19.695,1.58160165,0.85,0,129.6666667
168,129,17,111.3401471,19.33,1.592862757,0.85,5,129.7083333
169,129,18,60.97540441,19.71,1.376334682,0.85,0,129.75
170,129,19,26.48357353,20.375,1.173714168,0.85,0,129.7916667
171,129,20,10.21176471,20.04,1.186851539,0.85,0,129.8333333
172,129,21,0.030316176,19.86,1.332480682,0.85,0,129.875
173,129,22,0.027284559,19.65,1.305755995,0.85,0,129.9166667
174,129,23,0.038613235,20.185,1.389439502,0.85,0,129.9583333
175,130,0,0.038134559,20.66,1.440914981,0.85,0,130
176,130,1,0.034464706,20.995,1.464697478,0.85,0,130.0416667
177,130,2,0.026965441,21.295,1.483516161,0.85,0,130.0833333
178,130,3,0.030316176,21.46,1.517845656,0.85,0,130.125
179,130,4,0.038294118,21.5,1.508748058,0.85,0,130.1666667
180,130,5,0.193544853,21.62,1.53495197,0.85,0,130.2083333
181,130,6,12.08338971,21.655,1.15531491,0.85,0,130.25
182,130,7,19.20130882,21.62,1.224032634,0.85,0,130.2916667
183,130,8,35.95019853,21.26,1.539330516,0.85,0,130.3333333
184,130,9,97.42661765,21.155,1.653427379,0.85,0,130.375
185,130,10,139.2629412,21.47,2.071161146,0.85,0,130.4166667
186,130,11,191.4705882,22.085,2.194996655,0.85,0,130.4583333
187,130,12,191.4705882,22.565,2.072000683,0.85,0,130.5
188,130,13,191.4705882,21.2,1.728151525,0.85,0,130.5416667
189,130,14,190.9440441,20.43,1.573337985,0.85,0,130.5833333
190,130,15,164.0105147,19.39,1.431583841,0.85,0,130.625
191,130,16,33.50735294,19.585,1.20727788,0.85,0,130.6666667
192,130,17,40.20084559,19.09,1.186083983,0.85,5,130.7083333
193,130,18,37.38303676,17.705,0.987228184,0.85,0,130.75
194,130,19,14.53580882,18.78,0.984836554,0.85,0,130.7916667
195,130,20,9.299088235,19.245,1.081281856,0.85,0,130.8333333
196,130,21,0.033188235,19.47,1.140114917,0.85,0,130.875
197,130,22,0.028561029,20.07,1.165433982,0.85,0,130.9166667
198,130,23,0.020423529,20.51,1.165520717,0.85,0,130.9583333
199,131,0,0.031113971,20.66,1.223134556,0.85,0,131
200,131,1,0.036060294,20.785,1.273636933,0.85,0,131.0416667
201,131,2,0.028401471,20.965,1.260833042,0.85,0,131.0833333
202,131,3,0.025688971,21.08,1.240554257,0.85,0,131.125
203,131,4,0.03255,21.17,1.236932547,0.85,0,131.1666667
204,131,5,0.18445,21.215,1.259327564,0.85,0,131.2083333
205,131,6,12.558875,21.23,1.296325744,0.85,0,131.25
206,131,7,21.13516176,21.335,0.993028209,0.85,0,131.2916667
207,131,8,33.95890441,20.965,1.179634762,0.85,0,131.3333333
208,131,9,87.29463235,20.45,1.332872542,0.85,0,131.375
209,131,10,105.5800735,20.96,1.787300439,0.85,0,131.4166667
210,131,11,191.4705882,21.045,1.881276806,0.85,0,131.4583333
211,131,12,191.4705882,21.825,1.841879558,0.85,0,131.5
212,131,13,133.5826471,21.03,1.605229516,0.85,0,131.5416667
213,131,14,137.4758824,20.435,1.495338074,0.85,0,131.5833333
214,131,15,120.2275735,20.83,1.406276776,0.85,0,131.625
215,131,16,71.34353676,20.62,1.16042389,0.85,0,131.6666667
216,131,17,67.48061765,20.35,1.165831764,0.85,5,131.7083333
217,131,18,30.97675,19.195,0.971971437,0.85,0,131.75
218,131,19,28.23872059,19.525,0.975128713,0.85,0,131.7916667
219,131,20,10.50854412,20.16,1.016230872,0.85,0,131.8333333
220,131,21,0.046591176,20.165,1.14084852,0.85,0,131.875
221,131,22,0.046272059,20.345,1.205558821,0.85,0,131.9166667
222,131,23,0.034943382,20.76,1.214336109,0.85,0,131.9583333
223,132,0,0.036219853,20.9,1.251699452,0.85,0,132
224,132,1,0.034305147,20.985,1.25408752,0.85,0,132.0416667
225,132,2,0.034783824,21.14,1.220007339,0.85,0,132.0833333
226,132,3,0.038134559,21.245,1.246899154,0.85,0,132.125
227,132,4,0.031113971,21.32,1.299279814,0.85,0,132.1666667
228,132,5,0.197214706,21.405,1.359355241,0.85,0,132.2083333
229,132,6,12.56525735,21.475,1.348053155,0.85,0,132.25
230,132,7,23.60832353,21.555,1.111787818,0.85,0,132.2916667
231,132,8,34.04506618,21.16,1.226221706,0.85,0,132.3333333
232,132,9,88.95404412,20.135,1.243125984,0.85,0,132.375
233,132,10,129.2107353,20.395,1.649895656,0.85,0,132.4166667
234,132,11,191.4705882,20.895,1.57957431,0.85,0,132.4583333
235,132,12,191.4705882,21.195,1.443573195,0.85,0,132.5
236,132,13,149.3470588,20.755,1.131696098,0.85,0,132.5416667
237,132,14,117.6028309,20.67,1.037236057,0.85,0,132.5833333
238,132,15,109.340875,20.665,1.182785646,0.85,0,132.625
239,132,16,100.8890441,20.81,1.096874996,0.85,0,132.6666667
240,132,17,89.49654412,20.495,1.02540911,0.85,5,132.7083333
241,132,18,60.22547794,20.3,0.961231888,0.85,0,132.75
242,132,19,29.21681618,20.69,0.895013927,0.85,0,132.7916667
243,132,20,11.09731618,20.62,1.100210629,0.85,0,132.8333333
244,132,21,0.037017647,20.63,1.184327048,0.85,0,132.875
245,132,22,0.026167647,21.21,1.237979725,0.85,0,132.9166667
246,132,23,0.018827941,21.475,1.273190469,0.85,0,132.9583333
247,133,0,0.020742647,23.16666667,1.48012683,0.85,0,133
248,133,1,0.016753676,23.08333333,1.524570192,0.85,0,133.0416667
249,133,2,0.021380882,23,1.535710312,0.85,0,133.0833333
250,133,3,0.017711029,23,1.568796956,0.85,0,133.125
251,133,4,0.011807353,22.91666667,1.579367135,0.85,0,133.1666667
252,133,5,0.174397794,22.66666667,1.560194737,0.85,0,133.2083333
253,133,6,13.05669853,22.91666667,1.560652513,0.85,0,133.25
254,133,7,19.45660294,23.25,1.166794661,0.85,0,133.2916667
255,133,8,47.63628676,23.58333333,1.244494548,0.85,0,133.3333333
256,133,9,110.7497794,24.91666667,1.712120461,0.85,0,133.375
257,133,10,165.19125,30.25,2.84547196,0.85,0,133.4166667
258,133,11,191.4705882,31.83333333,3.385852234,0.85,0,133.4583333
259,133,12,191.4705882,32.5,3.410134266,0.85,0,133.5
260,133,13,191.4705882,27.5,2.299948682,0.85,0,133.5416667
261,133,14,191.4705882,25.16666667,1.879316639,0.85,0,133.5833333
262,133,15,148.4535294,24.58333333,1.738464443,0.85,0,133.625
263,133,16,148.4216176,21.91666667,1.34338105,0.85,0,133.6666667
264,133,17,53.734625,21.75,1.21907903,0.85,5,133.7083333
265,133,18,39.91842647,21,1.052237496,0.85,0,133.75
266,133,19,19.89858088,21,1.038019258,0.85,0,133.7916667
267,133,20,9.895838235,22.41666667,1.237591409,0.85,0,133.8333333
268,133,21,0.0135625,22.66666667,1.293503029,0.85,0,133.875
269,133,22,0.007818382,22.75,1.360039218,0.85,0,133.9166667
270,133,23,0.005265441,22.91666667,1.401849712,0.85,0,133.9583333
271,134,0,0.006861029,23,1.444131257,0.85,0,134
272,134,1,0.005903676,23,1.455872161,0.85,0,134.0416667
273,134,2,0.006541912,22.83333333,1.44123512,0.85,0,134.0833333
274,134,3,0.006861029,22.91666667,1.493074645,0.85,0,134.125
275,134,4,0.004786765,23.66666667,1.611411608,0.85,0,134.1666667
276,134,5,0.167377206,23.75,1.601900927,0.85,0,134.2083333
277,134,6,14.11616912,23.5,1.519927099,0.85,0,134.25
278,134,7,23.66097794,24.08333333,1.385208892,0.85,0,134.2916667
279,134,8,51.88374265,23.58333333,1.104278472,0.85,0,134.3333333
280,134,9,89.89544118,24.08333333,1.411030599,0.85,0,134.375
281,134,10,112.2017647,30.5,3.070625798,0.85,0,134.4166667
282,134,11,191.4705882,25.83333333,2.256855702,0.85,0,134.4583333
283,134,12,168.1111765,23.91666667,1.854289636,0.85,0,134.5
284,134,13,93.21426471,23.16666667,1.589883452,0.85,0,134.5416667
285,134,14,103.8249265,22.91666667,1.642531939,0.85,0,134.5833333
286,134,15,73.85020588,22.41666667,1.314237992,0.85,0,134.625
287,134,16,30.44222794,21.75,1.120720539,0.85,0,134.6666667
288,134,17,31.54477941,21.66666667,1.124081652,0.85,5,134.7083333
289,134,18,46.44757353,21.91666667,1.206951117,0.85,0,134.75
290,134,19,25.90277941,23.16666667,1.518481123,0.85,0,134.7916667
291,134,20,10.96328676,23.66666667,1.61351518,0.85,0,134.8333333
292,134,21,0.006222794,23.83333333,1.656960184,0.85,0,134.875
293,134,22,0.003510294,24,1.691118794,0.85,0,134.9166667
294,134,23,0.001436029,23.75,1.658573533,0.85,0,134.9583333
295,135,0,0.003510294,23.83333333,1.666935751,0.85,0,135
296,135,1,0.002872059,24,1.701095896,0.85,0,135.0416667
297,135,2,0.003829412,23.91666667,1.752123885,0.85,0,135.0833333
298,135,3,0.002872059,24.08333333,1.855027568,0.85,0,135.125
299,135,4,0.004467647,23.83333333,1.852041934,0.85,0,135.1666667
300,135,5,0.173919118,24.08333333,1.875107296,0.85,0,135.2083333
301,135,6,12.41846324,24.41666667,1.882406648,0.85,0,135.25
302,135,7,22.18665441,24.08333333,1.568119465,0.85,0,135.2916667
303,135,8,31.61817647,23.91666667,1.355199391,0.85,0,135.3333333
304,135,9,91.34742647,25.16666667,1.784797584,0.85,0,135.375
305,135,10,139.1672059,28.91666667,2.713321428,0.85,0,135.4166667
306,135,11,191.4705882,24.16666667,1.890626451,0.85,0,135.4583333
307,135,12,78.47102941,23.75,1.648942669,0.85,0,135.5
308,135,13,84.93316176,21.91666667,1.374986286,0.85,0,135.5416667
309,135,14,13.19072794,22.83333333,1.385925023,0.85,0,135.5833333
310,135,15,69.10333088,24.58333333,1.921584918,0.85,0,135.625
311,135,16,144.9272794,24.25,1.840985125,0.85,0,135.6666667
312,135,17,115.7758824,23.75,1.683637546,0.85,5,135.7083333
313,135,18,67.32105882,22.58333333,1.536501897,0.85,0,135.75
314,135,19,25.11934559,21.41666667,1.284670675,0.85,0,135.7916667
315,135,20,9.987265441,21.66666667,1.323452057,0.85,0,135.8333333
316,135,21,0.009573529,23.5,1.645804934,0.85,0,135.875
317,135,22,0.003191176,23.66666667,1.659964859,0.85,0,135.9166667
318,135,23,0.003191176,23.83333333,1.701657386,0.85,0,135.9583333
319,136,0,0.002552941,23.91666667,1.75708755,0.85,0,136
320,136,1,0.002233824,23.66666667,1.750419498,0.85,0,136.0416667
321,136,2,0.002074265,23.66666667,1.782254805,0.85,0,136.0833333
322,136,3,0.002393382,23.58333333,1.829210302,0.85,0,136.125
323,136,4,0.001436029,23.66666667,1.845763577,0.85,0,136.1666667
324,136,5,0.154772059,24,1.91560359,0.85,0,136.2083333
325,136,6,11.65736765,24,1.873200906,0.85,0,136.25
326,136,7,19.07525735,24.16666667,1.295087024,0.85,0,136.2916667
327,136,8,27.36114706,23.58333333,1.168263316,0.85,0,136.3333333
328,136,9,74.21080882,25.58333333,1.768604794,0.85,0,136.375
329,136,10,130.7744118,33.08333333,3.663455232,0.85,0,136.4166667
330,136,11,191.4705882,34.91666667,4.062544597,0.85,0,136.4583333
331,136,12,191.4705882,32,3.423534272,0.85,0,136.5
332,136,13,191.4705882,25.25,1.980769022,0.85,0,136.5416667
333,136,14,67.47263971,27.83333333,2.44423856,0.85,0,136.5833333
334,136,15,191.4705882,27.16666667,2.362972552,0.85,0,136.625
335,136,16,79.11724265,23.66666667,1.681394293,0.85,0,136.6666667
336,136,17,46.40608824,23.5,1.694504557,0.85,5,136.7083333
337,136,18,77.16743382,22.66666667,1.521259379,0.85,0,136.75
338,136,19,22.48981618,21.5,1.327359517,0.85,0,136.7916667
339,136,20,11.148375,21,1.265630912,0.85,0,136.8333333
340,136,21,0.024252941,22.08333333,1.4036725,0.85,0,136.875
341,136,22,0.011488235,22.08333333,1.363704862,0.85,0,136.9166667
342,136,23,0.008775735,22,1.347864811,0.85,0,136.9583333
343,137,0,0.008775735,22,1.303672522,0.85,0,137
344,137,1,0.007977941,22,1.277157149,0.85,0,137.0416667
345,137,2,0.007977941,22,1.288205221,0.85,0,137.0833333
346,137,3,0.008616176,22.08333333,1.3059161,0.85,0,137.125
347,137,4,0.006701471,22.16666667,1.341552338,0.85,0,137.1666667
348,137,5,0.173440441,22.25,1.388909912,0.85,0,137.2083333
349,137,6,12.73758088,22.25,1.380049473,0.85,0,137.25
350,137,7,20.13632353,20.91666667,0.870344922,0.85,0,137.2916667
351,137,8,28.25786765,22,1.094865463,0.85,0,137.3333333
352,137,9,72.06155147,25.66666667,1.920329785,0.85,0,137.375
353,137,10,131.1413971,31.75,3.421766521,0.85,0,137.4166667
354,137,11,191.4705882,33.33333333,3.848522475,0.85,0,137.4583333
355,137,12,191.4705882,33.5,3.866427326,0.85,0,137.5
356,137,13,191.4705882,27.16666667,2.393447752,0.85,0,137.5416667
357,137,14,191.4705882,27.41666667,2.483548981,0.85,0,137.5833333
358,137,15,186.8752941,26.58333333,2.332398289,0.85,0,137.625
359,137,16,151.4691912,22.41666667,1.563809351,0.85,0,137.6666667
360,137,17,83.59286765,22,1.516448711,0.85,5,137.7083333
361,137,18,51.55983824,22.5,1.358058858,0.85,0,137.75
362,137,19,19.55552941,21.66666667,1.325688002,0.85,0,137.7916667
363,137,20,11.41643382,20.5,1.248238093,0.85,0,137.8333333
364,137,21,0.462880147,20.5,1.336340682,0.85,0,137.875
365,137,22,0.019466176,20.83333333,1.369980857,0.85,0,137.9166667
366,137,23,0.01085,20.83333333,1.392608169,0.85,0,137.9583333
367,138,0,0.014838971,21.08333333,1.407952384,0.85,10,138
368,138,1,0.012924265,21.08333333,1.397518337,0.85,10,138.0416667
369,138,2,0.011488235,21.08333333,1.374657633,0.85,10,138.0833333
370,138,3,0.011488235,21.16666667,1.394170532,0.85,10,138.125
371,138,4,0.006541912,20.91666667,1.34190707,0.85,10,138.1666667
372,138,5,0.187002941,22.66666667,1.622428614,0.85,10,138.2083333
373,138,6,13.00404412,23.66666667,1.716888825,0.85,10,138.25
374,138,7,19.63211765,23.16666667,1.262127136,0.85,10,138.2916667
375,138,8,25.84214706,23.16666667,1.345401049,0.85,10,138.3333333
376,138,9,53.76653676,26.75,2.386206053,0.85,10,138.375
377,138,10,131.8434559,35.58333333,4.435789381,0.85,10,138.4166667
378,138,11,191.4705882,33.75,4.029733363,0.85,10,138.4583333
379,138,12,191.4705882,33.5,3.97709778,0.85,10,138.5
380,138,13,191.4705882,27.58333333,2.506026428,0.85,10,138.5416667
381,138,14,158.7929412,26.25,2.259302891,0.85,10,138.5833333
382,138,15,106.6491176,26.16666667,2.205682213,0.85,10,138.625
383,138,16,161.9681618,23.16666667,1.681050655,0.85,10,138.6666667
384,138,17,54.67283088,23.41666667,1.753178796,0.85,10,138.7083333
385,138,18,62.79597059,23,1.756138113,0.85,10,138.75
386,138,19,26.79790441,21.91666667,1.551807292,0.85,10,138.7916667
387,138,20,11.85841176,20.75,1.265178044,0.85,10,138.8333333
388,138,21,0.020583088,22.91666667,1.654939721,0.85,10,138.875
389,138,22,0.008616176,23.08333333,1.690117265,0.85,10,138.9166667
390,138,23,0.004467647,23.16666667,1.688841966,0.85,10,138.9583333
391,139,0,0.006701471,23.5,1.704039967,0.85,10,139
392,139,1,0.004786765,23.5,1.689345725,0.85,10,139.0416667
393,139,2,0.002393382,23.5,1.713548386,0.85,10,139.0833333
394,139,3,0.002872059,23.5,1.728069983,0.85,10,139.125
395,139,4,0.003031618,23.91666667,1.801636102,0.85,10,139.1666667
396,139,5,0.163547794,23.83333333,1.770803323,0.85,10,139.2083333
397,139,6,13.17158088,24.16666667,1.634409008,0.85,10,139.25
398,139,7,30.17416912,23.08333333,1.175286187,0.85,10,139.2916667
399,139,8,53.45061029,23.58333333,1.199141448,0.85,10,139.3333333
400,139,9,74.03529412,25.25,1.862564025,0.85,10,139.375
401,139,10,139.8533088,31.58333333,3.353024521,0.85,10,139.4166667
402,139,11,191.4705882,23.25,1.705765033,0.85,10,139.4583333
403,139,12,48.83936029,23.33333333,1.542288519,0.85,10,139.5
404,139,13,57.09493382,23.58333333,1.541034906,0.85,10,139.5416667
405,139,14,80.37456618,23.66666667,1.382245996,0.85,10,139.5833333
406,139,15,95.49116912,24.25,1.637521033,0.85,10,139.625
407,139,16,134.5080882,24.5,1.707828948,0.85,10,139.6666667
408,139,17,114.7547059,23.5,1.585274284,0.85,10,139.7083333
409,139,18,62.51514706,22.08333333,1.448026901,0.85,10,139.75
410,139,19,32.04100735,20.58333333,1.250430298,0.85,10,139.7916667
411,139,20,11.636625,21.58333333,1.270887055,0.85,10,139.8333333
412,139,21,0.002393382,21.91666667,1.294926233,0.85,10,139.875
413,139,22,0.002872059,21.83333333,1.275154258,0.85,10,139.9166667
414,139,23,0.000957353,22,1.290414836,0.85,10,139.9583333
415,140,0,0.001914706,21.91666667,1.30583999,0.85,10,140
416,140,1,0.000957353,21.91666667,1.303675148,0.85,10,140.0416667
417,140,2,0.001116912,21.83333333,1.299213773,0.85,10,140.0833333
418,140,3,0.000478676,21.91666667,1.305862376,0.85,10,140.125
419,140,4,0.001595588,21.33333333,1.260025776,0.85,10,140.1666667
420,140,5,0.153495588,22.66666667,1.475233875,0.85,10,140.2083333
421,140,6,11.07657353,22.91666667,1.476613771,0.85,10,140.25
422,140,7,18.53435294,22.91666667,1.497794615,0.85,10,140.2916667
423,140,8,23.39132353,22.5,1.264935444,0.85,10,140.3333333
424,140,9,26.46442647,22.66666667,1.175898983,0.85,10,140.375
425,140,10,67.41360294,23.25,1.346594381,0.85,10,140.4166667
426,140,11,92.33669118,23.5,1.489138058,0.85,10,140.4583333
427,140,12,86.54470588,23.58333333,1.615273185,0.85,10,140.5
428,140,13,86.44897059,23.58333333,1.541823088,0.85,10,140.5416667
429,140,14,94.34713235,23.91666667,1.695158153,0.85,10,140.5833333
430,140,15,107.7979412,24,1.704483764,0.85,10,140.625
431,140,16,100.9369118,23.41666667,1.67800812,0.85,10,140.6666667
432,140,17,83.95985294,23.08333333,1.475580108,0.85,10,140.7083333
433,140,18,47.79903676,22.08333333,1.350704702,0.85,10,140.75
434,140,19,34.20941176,21.41666667,1.319775315,0.85,10,140.7916667
435,140,20,11.85841176,23.08333333,1.61192923,0.85,10,140.8333333
436,140,21,0.003191176,23.66666667,1.713748699,0.85,10,140.875
437,140,22,0.001595588,23.75,1.746978161,0.85,10,140.9166667
438,140,23,0.001116912,23.66666667,1.757753658,0.85,10,140.9583333
439,141,0,0.001755147,23.66666667,1.796869178,0.85,10,141
440,141,1,0.000478676,23.58333333,1.797624573,0.85,10,141.0416667
441,141,2,0.000957353,23.58333333,1.807330091,0.85,10,141.0833333
442,141,3,0.000797794,23.5,1.807938763,0.85,10,141.125
443,141,4,0.000957353,23.58333333,1.834124195,0.85,10,141.1666667
444,141,5,0.173121324,23.83333333,1.876735827,0.85,10,141.2083333
445,141,6,13.28805882,24,1.860729529,0.85,10,141.25
446,141,7,20.70435294,23.5,1.714240694,0.85,10,141.2916667
447,141,8,31.39000735,23.16666667,1.601088227,0.85,10,141.3333333
448,141,9,104.5206029,24.83333333,1.860680332,0.85,10,141.375
449,141,10,135.8802941,31.75,3.121014194,0.85,10,141.4166667
450,141,11,191.4705882,33.91666667,4.098291686,0.85,10,141.4583333
451,141,12,191.4705882,34.16666667,4.087630531,0.85,10,141.5
452,141,13,191.4705882,26.25,2.18191051,0.85,10,141.5416667
453,141,14,191.4705882,25.25,1.960263717,0.85,10,141.5833333
454,141,15,134.6197794,22.41666667,1.58025963,0.85,10,141.625
455,141,16,76.02977941,20.58333333,1.276580151,0.85,10,141.6666667
456,141,17,39.49240441,22.16666667,1.326122877,0.85,10,141.7083333
457,141,18,35.59916912,22.16666667,1.330151539,0.85,10,141.75
458,141,19,21.08729412,23.08333333,1.551109688,0.85,10,141.7916667
459,141,20,10.80532353,23.58333333,1.637080033,0.85,10,141.8333333
460,141,21,0.004786765,23.83333333,1.674245908,0.85,10,141.875
461,141,22,0.003510294,23.5,1.619253872,0.85,10,141.9166667
462,141,23,0.003350735,23.66666667,1.64529654,0.85,10,141.9583333
463,142,0,0.002552941,23.66666667,1.672188459,0.85,10,142
464,142,1,0.001436029,23.66666667,1.681967339,0.85,10,142.0416667
465,142,2,0.002074265,23.83333333,1.708817358,0.85,10,142.0833333
466,142,3,0.002074265,23.83333333,1.743388807,0.85,10,142.125
467,142,4,0.000638235,23.41666667,1.683330441,0.85,10,142.1666667
468,142,5,0.202161029,23.5,1.684505193,0.85,10,142.2083333
469,142,6,14.20711765,23.75,1.727395732,0.85,10,142.25
470,142,7,20.88305882,23.41666667,1.635893929,0.85,10,142.2916667
471,142,8,34.49502206,23.25,1.250744184,0.85,10,142.3333333
472,142,9,106.1624632,25.25,2.070917167,0.85,10,142.375
473,142,10,135.9122059,30.58333333,3.128445397,0.85,10,142.4166667
474,142,11,191.4705882,30.83333333,3.084345984,0.85,10,142.4583333
475,142,12,191.4705882,31.25,3.24039139,0.85,10,142.5
476,142,13,191.4705882,26,2.121986232,0.85,10,142.5416667
477,142,14,166.2922059,24,1.780278614,0.85,10,142.5833333
478,142,15,157.1654412,24.75,1.871180629,0.85,10,142.625
479,142,16,191.4705882,23.5,1.697525241,0.85,10,142.6666667
480,142,17,109.4094853,19.75,1.091446387,0.85,10,142.7083333
481,142,18,43.66008088,22.75,1.346843948,0.85,10,142.75
482,142,19,30.95122059,21.75,1.084013286,0.85,10,142.7916667
483,142,20,11.97329412,21.75,1.1921402,0.85,10,142.8333333
484,142,21,0.022497794,23.75,1.48932813,0.85,10,142.875
485,142,22,0.008456618,23.75,1.496588928,0.85,10,142.9166667
486,142,23,0.005265441,24,1.563910743,0.85,10,142.9583333
487,143,0,0,23.70105171,1.568538904,0.849999964,9.99994278,143
488,143,1,0,23.65816307,1.55043745,0.849999964,9.99994278,143.0416667
489,143,2,0,23.75702286,1.522952676,0.849999964,9.99994278,143.0833333
490,143,3,0,23.75742531,1.506180763,0.849999964,9.99994278,143.125
491,143,4,0,23.29475784,1.524571776,0.849999964,9.99994278,143.1666667
492,143,5,0.239790663,23.51882744,1.533551455,0.849999964,9.99994278,143.2083333
493,143,6,12.5283823,23.74885368,1.441611648,0.849999964,9.99994278,143.25
494,143,7,21.19940758,23.37316513,1.369356155,0.849999964,9.99994278,143.2916667
495,143,8,36.0161438,23.2779274,1.234097719,0.849999964,9.99994278,143.3333333
496,143,9,109.0141602,24.93471146,1.949838161,0.849999964,9.99994278,143.375
497,143,10,134.1978607,30.64867401,3.159397602,0.849999964,9.99994278,143.4166667
498,143,11,189.9606476,30.61099625,3.471189022,0.849999964,9.99994278,143.4583333
499,143,12,193.3379822,30.82642937,3.665896416,0.849999964,9.99994278,143.5
500,143,13,191.3828125,26.00576591,2.225029945,0.849999964,9.99994278,143.5416667
501,143,14,148.6997375,24.02366447,1.827460766,0.849999964,9.99994278,143.5833333
502,143,15,153.1679688,23.23189163,1.583483338,0.849999964,9.99994278,143.625
503,143,16,182.8880157,22.33885193,1.36753726,0.849999964,9.99994278,143.6666667
504,143,17,133.3404846,20.7047863,1.267185092,0.849999964,9.99994278,143.7083333
505,143,18,57.75970078,22.53383255,1.333338022,0.849999964,9.99994278,143.75
506,143,19,31.96123886,21.41718102,1.444554448,0.849999964,9.99994278,143.7916667
507,143,20,11.95749378,22.67861557,1.459522128,0.849999964,9.99994278,143.8333333
508,143,21,0,22.87093925,1.544430256,0.849999964,9.99994278,143.875
509,143,22,0,23.56751633,1.615918875,0.849999964,9.99994278,143.9166667
510,143,23,0,23.77625275,1.537439585,0.849999964,9.99994278,143.9583333
511,144,0,0,23.6728878,1.504688025,0.849999964,9.99994278,144
512,144,1,0,23.65816307,1.401058912,0.849999964,9.99994278,144.0416667
513,144,2,0,23.75702286,1.382030725,0.849999964,9.99994278,144.0833333
514,144,3,0,23.75742531,1.385689616,0.849999964,9.99994278,144.125
515,144,4,0,23.37054062,1.377879381,0.849999964,9.99994278,144.1666667
516,144,5,0.239790663,23.51882744,1.361838579,0.849999964,9.99994278,144.2083333
517,144,6,12.67346478,23.74885368,1.393013358,0.849999964,9.99994278,144.25
518,144,7,24.91994286,23.37316513,1.349871278,0.849999964,9.99994278,144.2916667
519,144,8,52.94886398,23.2779274,1.189346433,0.849999964,9.99994278,144.3333333
520,144,9,99.68296051,24.96920776,1.974886417,0.849999964,9.99994278,144.375
521,144,10,107.2652512,30.64867401,3.135583878,0.849999964,9.99994278,144.4166667
522,144,11,171.7133484,30.61099625,3.556382179,0.849999964,9.99994278,144.4583333
523,144,12,172.8368683,30.67614937,3.729964733,0.849999964,9.99994278,144.5
524,144,13,171.7157745,25.94377327,2.225439072,0.849999964,9.99994278,144.5416667
525,144,14,163.4071198,24.02366447,1.821089387,0.849999964,9.99994278,144.5833333
526,144,15,119.4909439,24.11796379,1.859965801,0.849999964,9.99994278,144.625
527,144,16,145.0471954,23.9885025,1.76075685,0.849999964,9.99994278,144.6666667
528,144,17,105.2265244,22.9192543,1.394662499,0.849999964,9.99994278,144.7083333
529,144,18,50.95153809,22.65566826,1.298733234,0.849999964,9.99994278,144.75
530,144,19,22.0315876,22.56923485,1.42525363,0.849999964,9.99994278,144.7916667
531,144,20,11.03299713,21.99104691,1.44285965,0.849999964,9.99994278,144.8333333
532,144,21,0,22.45222473,1.467235804,0.849999964,9.99994278,144.875
533,144,22,0,22.11200142,1.473653555,0.849999964,9.99994278,144.9166667
534,144,23,0,22.44180107,1.406388402,0.849999964,9.99994278,144.9583333
535,145,0,0,21.77823257,1.452765584,0.849999964,9.99994278,145
536,145,1,0,22.29398727,1.445833921,0.849999964,9.99994278,145.0416667
537,145,2,0,21.79193878,1.498771787,0.849999964,9.99994278,145.0833333
538,145,3,0,22.42149353,1.54469502,0.849999964,9.99994278,145.125
539,145,4,0,21.28908157,1.549215674,0.849999964,9.99994278,145.1666667
540,145,5,0.239790663,22.57350159,1.562837481,0.849999964,9.99994278,145.2083333
541,145,6,12.67346478,22.58422089,1.571246982,0.849999964,9.99994278,145.25
542,145,7,27.44121361,21.60379791,1.407091498,0.849999964,9.99994278,145.2916667
543,145,8,49.94315338,22.10409355,1.26049161,0.849999964,9.99994278,145.3333333
544,145,9,99.38027191,23.15252876,1.907171845,0.849999964,9.99994278,145.375
545,145,10,116.8479233,24.60137367,3.159397602,0.849999964,9.99994278,145.4166667
546,145,11,168.8690338,25.75566483,3.556382179,0.849999964,9.99994278,145.4583333
547,145,12,170.6755066,28.15517998,3.729964733,0.849999964,9.99994278,145.5
548,145,13,171.8613739,25.54109955,2.225439072,0.849999964,9.99994278,145.5416667
549,145,14,166.3539124,24.82117271,1.821089387,0.849999964,9.99994278,145.5833333
550,145,15,160.7458191,24.23063087,1.808134556,0.849999964,9.99994278,145.625
551,145,16,95.382164,22.5126133,1.645740867,0.849999964,9.99994278,145.6666667
552,145,17,84.10940552,21.18940735,1.420230746,0.849999964,9.99994278,145.7083333
553,145,18,42.27689743,22.92033386,1.318762183,0.849999964,9.99994278,145.75
554,145,19,30.86741066,22.63745499,1.441900611,0.849999964,9.99994278,145.7916667
555,145,20,11.96921444,21.93712234,1.478068233,0.849999964,9.99994278,145.8333333
556,145,21,0,22.72771263,1.543537259,0.849999964,9.99994278,145.875
557,145,22,0,22.04941368,1.591296315,0.849999964,9.99994278,145.9166667
558,145,23,0,22.59392548,1.572570801,0.849999964,9.99994278,145.9583333
559,146,0,0,22.21128273,1.52014637,0.849999964,9.99994278,146
560,146,1,0,22.58038902,1.48907268,0.849999964,9.99994278,146.0416667
561,146,2,0,22.15262794,1.543153763,0.849999964,9.99994278,146.0833333
562,146,3,0,22.66308403,1.516130805,0.849999964,9.99994278,146.125
563,146,4,0,22.64061737,1.393883348,0.849999964,9.99994278,146.1666667
564,146,5,0.239790663,22.78193665,1.40803504,0.849999964,9.99994278,146.2083333
565,146,6,12.67346478,23.30457878,1.357816815,0.849999964,9.99994278,146.25
566,146,7,27.71971893,23.60722923,1.32099998,0.849999964,9.99994278,146.2916667
567,146,8,50.26896286,22.38426208,1.306879997,0.849999964,9.99994278,146.3333333
568,146,9,99.38027191,22.21865654,1.937553525,0.849999964,9.99994278,146.375
569,146,10,121.6225586,22.74518394,3.159397602,0.849999964,9.99994278,146.4166667
570,146,11,198.2453918,22.93589783,3.556382179,0.849999964,9.99994278,146.4583333
571,146,12,187.7068787,23.49541855,3.729964733,0.849999964,9.99994278,146.5
572,146,13,194.6454163,23.63095093,2.225439072,0.849999964,9.99994278,146.5416667
573,146,14,148.6997375,24.37029266,1.821089387,0.849999964,9.99994278,146.5833333
574,146,15,152.5377502,23.16458702,1.746858358,0.849999964,9.99994278,146.625
575,146,16,177.2585907,22.87874794,1.543974042,0.849999964,9.99994278,146.6666667
576,146,17,132.9665833,22.17557144,1.374566436,0.849999964,9.99994278,146.7083333
577,146,18,57.98252106,22.27757263,1.367864013,0.849999964,9.99994278,146.75
578,146,19,31.96123886,22.02351379,1.301371694,0.849999964,9.99994278,146.7916667
579,146,20,11.95749378,21.66817093,1.468460202,0.849999964,9.99994278,146.8333333
580,146,21,0,22.46441078,1.480206013,0.849999964,9.99994278,146.875
581,146,22,0,22.16215515,1.39233613,0.849999964,9.99994278,146.9166667
582,146,23,0,22.5343399,1.389519453,0.849999964,9.99994278,146.9583333
583,147,0,0,22.46349907,1.395892501,0.849999964,9.99994278,147
584,147,1,0,22.15413475,1.395373106,0.849999964,9.99994278,147.0416667
585,147,2,0,21.79773521,1.368347287,0.849999964,9.99994278,147.0833333
586,147,3,0,22.45777321,1.345139623,0.849999964,9.99994278,147.125
587,147,4,0,21.82673454,1.367037892,0.849999964,9.99994278,147.1666667
588,147,5,0.239790663,22.55833435,1.418950319,0.849999964,9.99994278,147.2083333
589,147,6,12.67346478,22.25740814,1.477336645,0.849999964,9.99994278,147.25
590,147,7,27.71971893,22.02534294,1.433214188,0.849999964,9.99994278,147.2916667
591,147,8,50.26896286,22.58618736,1.317293763,0.849999964,9.99994278,147.3333333
592,147,9,99.38027191,23.05363655,1.961102605,0.849999964,9.99994278,147.375
593,147,10,119.5469742,25.22136879,3.159397602,0.849999964,9.99994278,147.4166667
594,147,11,169.39505,27.68558121,3.556382179,0.849999964,9.99994278,147.4583333
595,147,12,173.5123596,29.82140923,3.729964733,0.849999964,9.99994278,147.5
596,147,13,171.7157745,26.80415916,2.225439072,0.849999964,9.99994278,147.5416667
597,147,14,163.4071198,25.66287613,1.821089387,0.849999964,9.99994278,147.5833333
598,147,15,119.4909439,24.80104065,1.688199878,0.849999964,9.99994278,147.625
599,147,16,144.9352875,24.99735832,1.465276837,0.849999964,9.99994278,147.6666667
600,147,17,105.2265244,23.7083416,1.396331906,0.849999964,9.99994278,147.7083333
601,147,18,52.12499237,22.94939995,1.357452512,0.849999964,9.99994278,147.75
602,147,19,22.0315876,22.10620499,1.399442196,0.849999964,9.99994278,147.7916667
603,147,20,11.03299713,22.38967323,1.421397448,0.849999964,9.99994278,147.8333333
604,147,21,0,22.34872246,1.501666546,0.849999964,9.99994278,147.875
605,147,22,0,21.85217667,1.548965096,0.849999964,9.99994278,147.9166667
606,147,23,0,22.54304886,1.613561749,0.849999964,9.99994278,147.9583333
607,148,0,0,22.20339012,1.555177927,0.849999964,9.99994278,148
608,148,1,0,21.85981369,1.517337561,0.849999964,9.99994278,148.0416667
609,148,2,0,22.46078491,1.528932571,0.849999964,9.99994278,148.0833333
610,148,3,0,22.40214157,1.50908792,0.849999964,9.99994278,148.125
611,148,4,0,21.93880272,1.537586212,0.849999964,9.99994278,148.1666667
612,148,5,0.239790663,22.60577965,1.513298273,0.849999964,9.99994278,148.2083333
613,148,6,12.67346478,22.93756866,1.52004838,0.849999964,9.99994278,148.25
614,148,7,27.71971893,22.94696426,1.430998445,0.849999964,9.99994278,148.2916667
615,148,8,50.26896286,23.00685692,1.355158448,0.849999964,9.99994278,148.3333333
616,148,9,99.38027191,23.47069359,2.090515375,0.849999964,9.99994278,148.375
617,148,10,120.5609741,25.27242851,3.143522978,0.849999964,9.99994278,148.4166667
618,148,11,168.2740479,29.22363663,3.556382179,0.849999964,9.99994278,148.4583333
619,148,12,151.4714355,30.01576805,3.729964733,0.849999964,9.99994278,148.5
620,148,13,192.2173157,25.87594032,2.225439072,0.849999964,9.99994278,148.5416667
621,148,14,161.5104218,24.90745354,1.821089387,0.849999964,9.99994278,148.5833333
622,148,15,119.1849136,24.56048393,1.778928757,0.849999964,9.99994278,148.625
623,148,16,99.28275299,22.51929665,1.685094476,0.849999964,9.99994278,148.6666667
624,148,17,84.10940552,20.98636627,1.429608703,0.849999964,9.99994278,148.7083333
625,148,18,42.19680786,22.73083115,1.331134796,0.849999964,9.99994278,148.75
626,148,19,30.86741066,21.00482178,1.375993133,0.849999964,9.99994278,148.7916667
627,148,20,11.96921444,23.0433445,1.378555655,0.849999964,9.99994278,148.8333333
628,148,21,0,24.14089012,1.402775764,0.849999964,9.99994278,148.875
629,148,22,0,23.68138885,1.255436182,0.849999964,9.99994278,148.9166667
630,148,23,0,23.95152092,1.411499143,0.849999964,9.99994278,148.9583333
631,149,0,0,23.26963615,1.441070676,0.849999964,9.99994278,149
632,149,1,0,23.67844009,1.435260296,0.849999964,9.99994278,149.0416667
633,149,2,0,23.77529716,1.409322143,0.849999964,9.99994278,149.0833333
634,149,3,0,23.98583794,1.429069877,0.849999964,9.99994278,149.125
635,149,4,0,23.22261238,1.377001166,0.849999964,9.99994278,149.1666667
636,149,5,0.239790663,23.63933182,1.394771814,0.849999964,9.99994278,149.2083333
637,149,6,12.67346478,23.83635139,1.410796165,0.849999964,9.99994278,149.25
638,149,7,27.71971893,23.47494507,1.404435039,0.849999964,9.99994278,149.2916667
639,149,8,50.26896286,23.19684792,1.29569447,0.849999964,9.99994278,149.3333333
640,149,9,99.38027191,24.49297142,1.852851152,0.849999964,9.99994278,149.375
641,149,10,120.7303848,27.8052578,3.005012989,0.849999964,9.99994278,149.4166667
642,149,11,110.7180176,30.35027695,3.599809408,0.849999964,9.99994278,149.4583333
643,149,12,172.3747559,31.14233208,3.729964733,0.849999964,9.99994278,149.5
644,149,13,171.7157745,26.00576591,2.225439072,0.849999964,9.99994278,149.5416667
645,149,14,166.3539124,24.08701324,1.821089387,0.849999964,9.99994278,149.5833333
646,149,15,160.7458191,23.18434525,1.753229737,0.849999964,9.99994278,149.625
647,149,16,141.453537,22.87874794,1.571533084,0.849999964,9.99994278,149.6666667
648,149,17,115.0697098,22.10738182,1.352647543,0.849999964,9.99994278,149.7083333
649,149,18,51.21146011,22.3106308,1.260355473,0.849999964,9.99994278,149.75
650,149,19,22.09125137,21.74106598,1.383954644,0.849999964,9.99994278,149.7916667
651,149,20,11.03299713,21.91298485,1.473526716,0.849999964,9.99994278,149.8333333
652,149,21,0,22.73324966,1.565600276,0.849999964,9.99994278,149.875
653,149,22,0,22.78793716,1.567328811,0.849999964,9.99994278,149.9166667
654,149,23,0,22.714077,1.588857174,0.849999964,9.99994278,149.9583333
655,150,0,0,22.35054207,1.536753654,0.849999964,9.99994278,150
656,150,1,0,21.68727112,1.473296285,0.849999964,9.99994278,150.0416667
657,150,2,0,22.67691422,1.475455284,0.849999964,9.99994278,150.0833333
658,150,3,0,22.33981514,1.474946618,0.849999964,9.99994278,150.125
659,150,4,0,21.44403839,1.507104039,0.849999964,9.99994278,150.1666667
660,150,5,0.239790663,22.73114777,1.53880477,0.849999964,9.99994278,150.2083333
661,150,6,12.67346478,23.12239075,1.517686605,0.849999964,9.99994278,150.25
662,150,7,27.71971893,23.36452484,1.431851268,0.849999964,9.99994278,150.2916667
663,150,8,50.26896286,23.22655487,1.293923974,0.849999964,9.99994278,150.3333333
664,150,9,99.38027191,24.48509598,1.828898072,0.849999964,9.99994278,150.375
665,150,10,120.7303848,29.20440674,2.988318443,0.849999964,9.99994278,150.4166667
666,150,11,168.3090973,29.97170258,3.599809408,0.849999964,9.99994278,150.4583333
667,150,12,151.4714355,30.82642937,3.729964733,0.849999964,9.99994278,150.5
668,150,13,192.2173157,26.00576591,2.225439072,0.849999964,9.99994278,150.5416667
669,150,14,148.6997375,24.23373032,1.821089387,0.849999964,9.99994278,150.5833333
670,150,15,152.5377502,24.42245483,1.697958589,0.849999964,9.99994278,150.625
671,150,16,180.151001,23.97097969,1.355221152,0.849999964,9.99994278,150.6666667
672,150,17,137.4829712,22.89017296,1.296269298,0.849999964,9.99994278,150.7083333
673,150,18,60.14744949,22.90049934,1.283963919,0.849999964,9.99994278,150.75
674,150,19,30.70078468,22.26508331,1.474404454,0.849999964,9.99994278,150.7916667
675,150,20,11.96921444,21.69126892,1.466709018,0.849999964,9.99994278,150.8333333
676,150,21,0,22.56238365,1.508366585,0.849999964,9.99994278,150.875
677,150,22,0,22.42605209,1.493543983,0.849999964,9.99994278,150.9166667
678,150,23,0,22.30540848,1.465989828,0.849999964,9.99994278,150.9583333
679,151,0,0,22.36911964,1.448040009,0.849999964,9.99994278,151
680,151,1,0,22.37465096,1.423770905,0.849999964,9.99994278,151.0416667
681,151,2,0,22.02558517,1.39762485,0.849999964,9.99994278,151.0833333
682,151,3,0,22.62978172,1.367072105,0.849999964,9.99994278,151.125
683,151,4,0,22.84513855,1.34231925,0.849999964,9.99994278,151.1666667
684,151,5,0.239790663,23.50001335,1.378757238,0.849999964,9.99994278,151.2083333
685,151,6,12.67346478,23.75057602,1.282701135,0.849999964,9.99994278,151.25
686,151,7,27.71971893,23.37316513,1.405005813,0.849999964,9.99994278,151.2916667
687,151,8,50.26896286,23.2779274,1.287487268,0.849999964,9.99994278,151.3333333
688,151,9,99.38027191,24.48509598,1.828898072,0.849999964,9.99994278,151.375
689,151,10,120.7303848,29.20440674,2.988318443,0.849999964,9.99994278,151.4166667
690,151,11,110.7180176,29.97170258,3.599809408,0.849999964,9.99994278,151.4583333
691,151,12,172.3747559,30.64509392,3.729964733,0.849999964,9.99994278,151.5
692,151,13,171.7157745,25.94377327,2.225439072,0.849999964,9.99994278,151.5416667
693,151,14,163.4071198,24.35556984,1.821089387,0.849999964,9.99994278,151.5833333
694,151,15,119.4909439,23.16458702,1.778928757,0.849999964,9.99994278,151.625
695,151,16,145.0471954,21.97732544,1.599068761,0.849999964,9.99994278,151.6666667
696,151,17,105.4472656,22.0237999,1.224163413,0.849999964,9.99994278,151.7083333
697,151,18,49.78953934,22.23239517,1.346963048,0.849999964,9.99994278,151.75
698,151,19,22.09125137,22.09196091,1.25513649,0.849999964,9.99994278,151.7916667
699,151,20,11.03299713,22.38967323,1.394116521,0.849999964,9.99994278,151.8333333
700,151,21,0,22.34872246,1.514238238,0.849999964,9.99994278,151.875
701,151,22,0,22.58089638,1.576430678,0.849999964,9.99994278,151.9166667
702,151,23,0,22.7009449,1.557047486,0.849999964,9.99994278,151.9583333
703,152,0,0,22.98579407,1.518014431,0.849999964,9.99994278,152
704,152,1,0,23.66142082,1.495156646,0.849999964,9.99994278,152.0416667
705,152,2,0,23.34458923,1.497300744,0.849999964,9.99994278,152.0833333
706,152,3,0,23.61863518,1.539927363,0.849999964,9.99994278,152.125
707,152,4,0,23.59136009,1.5283041,0.849999964,9.99994278,152.1666667
708,152,5,0.239790663,23.68656921,1.55831039,0.849999964,9.99994278,152.2083333
709,152,6,12.67346478,23.94060898,1.528339386,0.849999964,9.99994278,152.25
710,152,7,27.71971893,23.53593445,1.408685207,0.849999964,9.99994278,152.2916667
711,152,8,50.26896286,23.24142075,1.327351689,0.849999964,9.99994278,152.3333333
712,152,9,99.38027191,24.48509598,1.851389408,0.849999964,9.99994278,152.375
713,152,10,120.7303848,29.20440674,2.988318443,0.849999964,9.99994278,152.4166667
714,152,11,168.3090973,29.97170258,3.599809408,0.849999964,9.99994278,152.4583333
715,152,12,151.4714355,30.64509392,3.729964733,0.849999964,9.99994278,152.5
716,152,13,192.2173157,25.94377327,2.225439072,0.849999964,9.99994278,152.5416667
717,152,14,161.5104218,24.31451988,1.821089387,0.849999964,9.99994278,152.5833333
718,152,15,119.1849136,24.42245483,1.753229737,0.849999964,9.99994278,152.625
719,152,16,99.28275299,23.60820389,1.540092707,0.849999964,9.99994278,152.6666667
720,152,17,96.24388885,22.11825371,1.158088207,0.849999964,9.99994278,152.7083333
721,152,18,53.0837326,22.42302704,1.386950612,0.849999964,9.99994278,152.75
722,152,19,21.38017273,21.04015923,1.382098556,0.849999964,9.99994278,152.7916667
723,152,20,11.03299713,23.0433445,1.435737133,0.849999964,9.99994278,152.8333333
724,152,21,0,24.14089012,1.501490355,0.849999964,9.99994278,152.875
725,152,22,0,23.75439835,1.517721772,0.849999964,9.99994278,152.9166667
726,152,23,0,23.96167946,1.508608699,0.849999964,9.99994278,152.9583333
727,153,0,0,23.74989319,1.528540134,0.849999964,9.99994278,153
728,153,1,0,23.64748383,1.513918161,0.849999964,9.99994278,153.0416667
729,153,2,0,23.62689972,1.540813446,0.849999964,9.99994278,153.0833333
730,153,3,0,23.75438309,1.489483356,0.849999964,9.99994278,153.125
731,153,4,0,23.3819046,1.515624046,0.849999964,9.99994278,153.1666667
732,153,5,0.239790663,23.51561737,1.530959964,0.849999964,9.99994278,153.2083333
733,153,6,12.67346478,23.79008102,1.491413713,0.849999964,9.99994278,153.25
734,153,7,27.71971893,23.44439697,1.439422727,0.849999964,9.99994278,153.2916667
735,153,8,50.26896286,23.2779274,1.261705995,0.849999964,9.99994278,153.3333333
736,153,9,99.38027191,24.48509598,1.905882239,0.849999964,9.99994278,153.375
737,153,10,120.7303848,29.20440674,3.159397602,0.849999964,9.99994278,153.4166667
738,153,11,110.7180176,29.97170258,3.556382179,0.849999964,9.99994278,153.4583333
739,153,12,172.3747559,30.64509392,3.729964733,0.849999964,9.99994278,153.5
740,153,13,171.7157745,25.94377327,2.225439072,0.849999964,9.99994278,153.5416667
741,153,14,166.3539124,24.31451988,1.821089387,0.849999964,9.99994278,153.5833333
742,153,15,160.7458191,23.16458702,1.697958589,0.849999964,9.99994278,153.625
743,153,16,141.453537,22.43296242,1.35197103,0.849999964,9.99994278,153.6666667
744,153,17,107.940361,20.71149635,1.309060574,0.849999964,9.99994278,153.7083333
745,153,18,51.88039017,22.74132919,1.450851083,0.849999964,9.99994278,153.75
746,153,19,21.54946136,22.22715569,1.369904876,0.849999964,9.99994278,153.7916667
747,153,20,11.03299713,21.67551994,1.3906039,0.849999964,9.99994278,153.8333333
748,153,21,0,23.2190361,1.539050221,0.849999964,9.99994278,153.875
749,153,22,0,23.82194328,1.532477379,0.849999964,9.99994278,153.9166667
750,153,23,0,22.98959541,1.547939658,0.849999964,9.99994278,153.9583333
751,154,0,0,23.10253906,1.547182322,0.849999964,9.99994278,154
752,154,1,0,23.41376305,1.542145371,0.849999964,9.99994278,154.0416667
753,154,2,0,23.57234955,1.516639471,0.849999964,9.99994278,154.0833333
754,154,3,0,23.76810455,1.532510161,0.849999964,9.99994278,154.125
755,154,4,0,23.29475784,1.490964651,0.849999964,9.99994278,154.1666667
756,154,5,0.239790663,23.51882744,1.559977889,0.849999964,9.99994278,154.2083333
757,154,6,12.67346478,23.74885368,1.583587646,0.849999964,9.99994278,154.25
758,154,7,27.71971893,23.37316513,1.455878377,0.849999964,9.99994278,154.2916667
759,154,8,50.26896286,23.2779274,1.327260137,0.849999964,9.99994278,154.3333333
760,154,9,99.38027191,24.48509598,1.927752256,0.849999964,9.99994278,154.375
761,154,10,120.7303848,29.20440674,3.159397602,0.849999964,9.99994278,154.4166667
762,154,11,168.3090973,29.97170258,3.556382179,0.849999964,9.99994278,154.4583333
763,154,12,151.4714355,30.64509392,3.729964733,0.849999964,9.99994278,154.5
764,154,13,192.2173157,25.94377327,2.225439072,0.849999964,9.99994278,154.5416667
765,154,14,148.6997375,24.31451988,1.821089387,0.849999964,9.99994278,154.5833333
766,154,15,152.5377502,24.42245483,1.778928757,0.849999964,9.99994278,154.625
767,154,16,180.151001,24.25907135,1.599068761,0.849999964,9.99994278,154.6666667
768,154,17,133.7911987,23.04016495,1.289616227,0.849999964,9.99994278,154.7083333
769,154,18,59.962677,22.70214272,1.297060966,0.849999964,9.99994278,154.75
770,154,19,30.70078468,22.28117943,1.370619535,0.849999964,9.99994278,154.7916667
771,154,20,11.96921444,22.34184837,1.403229952,0.849999964,9.99994278,154.8333333
772,154,21,0,21.99605942,1.436584234,0.849999964,9.99994278,154.875
773,154,22,0,22.38176155,1.424856663,0.849999964,9.99994278,154.9166667
774,154,23,0,21.96778297,1.275274754,0.849999964,9.99994278,154.9583333
